-- --------------------------------------------------------
-- 主机:                           127.0.0.1
-- 服务器版本:                        5.7.10-log - MySQL Community Server (GPL)
-- 服务器操作系统:                      Win64
-- HeidiSQL 版本:                  9.3.0.4984
-- --------------------------------------------------------

/*!40101 SET @OLD_CHARACTER_SET_CLIENT=@@CHARACTER_SET_CLIENT */;
/*!40101 SET NAMES utf8mb4 */;
/*!40014 SET @OLD_FOREIGN_KEY_CHECKS=@@FOREIGN_KEY_CHECKS, FOREIGN_KEY_CHECKS=0 */;
/*!40101 SET @OLD_SQL_MODE=@@SQL_MODE, SQL_MODE='NO_AUTO_VALUE_ON_ZERO' */;

-- 导出  表 bookstore.books 结构
CREATE TABLE IF NOT EXISTS `books` (
  `bid` int(11) NOT NULL AUTO_INCREMENT,
  `bname` varchar(100) NOT NULL COMMENT '图书名',
  `price` double NOT NULL COMMENT '价格',
  `author` varchar(50) NOT NULL COMMENT '作者',
  `category` varchar(50) NOT NULL COMMENT '类别',
  `content` varchar(255) DEFAULT NULL COMMENT '内容介绍',
  `stock` int(10) unsigned NOT NULL COMMENT '库存',
  `pic` varchar(255) DEFAULT NULL COMMENT '图片',
  `createTime` timestamp NULL DEFAULT NULL COMMENT '创建时间',
  `updateTime` timestamp NULL DEFAULT NULL COMMENT '修改时间',
  PRIMARY KEY (`bid`)
) ENGINE=InnoDB AUTO_INCREMENT=144 DEFAULT CHARSET=utf8 COMMENT='图书表';

-- 正在导出表  bookstore.books 的数据：~142 rows (大约)
/*!40000 ALTER TABLE `books` DISABLE KEYS */;
INSERT INTO `books` (`bid`, `bname`, `price`, `author`, `category`, `content`, `stock`, `pic`, `createTime`, `updateTime`) VALUES
	(1, 'java编程思想', 100, '作者Bruce', 'computer', 'java编程思想简介', 0, '12.jpg', '2015-12-27 12:38:53', '2015-12-31 14:31:06'),
	(2, 'java编程思想', 2, '作者Bruce', 'java', 'java编程思想简介', 0, 'a2.jpg', '2015-12-27 12:38:53', '2015-12-27 12:38:54'),
	(3, 'hello1', 3, '作者Bruce', 'computer', 'java编程思想简介', 0, 'a3.jpg', '2015-12-27 12:38:53', '2015-12-27 12:38:54'),
	(4, 'java编程思想', 4, '作者Bruce', 'C++', 'java编程思想简介', 4, 'a4.jpg', '2015-12-27 12:38:53', '2015-12-27 12:38:54'),
	(5, 'java编程思想', 5, '作者Bruce', 'computer', 'java编程思想简介', 5, 'a5.jpg', '2015-12-27 12:38:53', '2015-12-27 12:38:54'),
	(6, 'hello2', 6, '作者Bruce', 'java', 'java编程思想简介', 2, 'a6.jpg', '2015-12-27 12:38:53', '2015-12-27 12:38:54'),
	(7, 'java编程思想', 7, '作者Bruce', 'computer', 'java编程思想简介', 7, 'a7.jpg', '2015-12-27 12:38:53', '2015-12-27 12:38:54'),
	(8, 'java编程思想', 8, '作者Bruce', 'java', 'java编程思想简介', 6, 'a8.jpg', '2015-12-27 12:38:53', '2015-12-27 12:38:54'),
	(9, 'hello', 9, '作者Bruce', 'C++', 'java编程思想简介', 6, 'a9.jpg', '2015-12-27 12:38:53', '2015-12-27 12:38:54'),
	(10, 'hello10', 9, '作者Bruce', 'java', 'java编程思想简介', 7, 'a9.jpg', '2015-12-27 12:38:53', '2015-12-27 12:38:54'),
	(11, 'hello', 9, '作者Bruce', 'computer', 'java编程思想简介', 9, 'a9.jpg', '2015-12-27 12:38:53', '2015-12-27 12:38:54'),
	(12, 'java编程思想', 2, '作者Bruce', 'java', 'java编程思想简介', 0, 'a2.jpg', '2015-12-27 12:38:53', '2015-12-27 12:38:54'),
	(13, 'java编程思想', 7, '作者Bruce', 'computer', 'java编程思想简介', 6, 'a7.jpg', '2015-12-27 12:38:53', '2015-12-27 12:38:54'),
	(14, 'java编程思想', 5, '作者Bruce', 'C++', 'java编程思想简介', 4, 'a5.jpg', '2015-12-27 12:38:53', '2015-12-27 12:38:54'),
	(15, 'java编程思想', 7, '作者Bruce', 'computer', 'java编程思想简介', 7, 'a7.jpg', '2015-12-27 12:38:53', '2015-12-27 12:38:54'),
	(16, 'java编程思想', 5, '作者Bruce', 'java', 'java编程思想简介', 5, 'a5.jpg', '2015-12-27 12:38:53', '2015-12-27 12:38:54'),
	(17, 'hello1', 3, '作者Bruce', 'computer', 'java编程思想简介', 3, 'a3.jpg', '2015-12-27 12:38:53', '2015-12-27 12:38:54'),
	(18, 'hello1', 3, '作者Bruce', 'java', 'java编程思想简介', 3, 'a3.jpg', '2015-12-27 12:38:53', '2015-12-27 12:38:54'),
	(19, 'hello1', 3, '作者Bruce', 'C++', 'java编程思想简介', 3, 'a3.jpg', '2015-12-27 12:38:53', '2015-12-27 12:38:54'),
	(20, 'hello2', 6, '作者Bruce', 'java', 'java编程思想简介', 6, 'a6.jpg', '2015-12-27 12:38:53', '2015-12-27 12:38:54'),
	(21, 'hello2', 6, '作者Bruce', 'computer', 'java编程思想简介', 6, 'a6.jpg', '2015-12-27 12:38:53', '2015-12-27 12:38:54'),
	(22, 'hello', 9, '作者Bruce', 'java', 'java编程思想简介', 9, 'a9.jpg', '2015-12-27 12:38:53', '2015-12-27 12:38:54'),
	(23, 'hello10', 9, '作者Bruce', 'computer', 'java编程思想简介', 9, 'a9.jpg', '2015-12-27 12:38:53', '2015-12-27 12:38:54'),
	(24, 'hello10', 9, '作者Bruce', 'C++', 'java编程思想简介', 9, 'a9.jpg', '2015-12-27 12:38:53', '2015-12-27 12:38:54'),
	(25, 'hello', 9, '作者Bruce', 'computer', 'java编程思想简介', 9, 'a9.jpg', '2015-12-27 12:38:53', '2015-12-27 12:38:54'),
	(26, 'hello10', 9, '作者Bruce', 'java', 'java编程思想简介', 9, 'a9.jpg', '2015-12-27 12:38:53', '2015-12-27 12:38:54'),
	(27, 'hello10', 9, '作者Bruce', 'computer', 'java编程思想简介', 9, 'a9.jpg', '2015-12-27 12:38:53', '2015-12-27 12:38:54'),
	(28, 'hello10', 9, '作者Bruce', 'java', 'java编程思想简介', 9, 'a9.jpg', '2015-12-27 12:38:53', '2015-12-27 12:38:54'),
	(29, 'hello10', 9, '作者Bruce', 'C++', 'java编程思想简介', 9, 'a9.jpg', '2015-12-27 12:38:53', '2015-12-27 12:38:54'),
	(30, 'hello10', 9, '作者Bruce', 'java', 'java编程思想简介', 9, 'a9.jpg', '2015-12-27 12:38:53', '2015-12-27 12:38:54'),
	(31, 'hello10', 9, '作者Bruce', 'computer', 'java编程思想简介', 9, 'a9.jpg', '2015-12-27 12:38:53', '2015-12-27 12:38:54'),
	(32, 'hello10', 9, '作者Bruce', 'java', 'java编程思想简介', 9, 'a9.jpg', '2015-12-27 12:38:53', '2015-12-27 12:38:54'),
	(33, 'hello10', 9, '作者Bruce', 'computer', 'java编程思想简介', 9, 'a9.jpg', '2015-12-27 12:38:53', '2015-12-27 12:38:54'),
	(34, 'hello10', 9, '作者Bruce', 'C++', 'java编程思想简介', 9, 'a9.jpg', '2015-12-27 12:38:53', '2015-12-27 12:38:54'),
	(35, 'hello10', 9, '作者Bruce', 'computer', 'java编程思想简介', 9, 'a9.jpg', '2015-12-27 12:38:53', '2015-12-27 12:38:54'),
	(36, 'hello10', 9, '作者Bruce', 'java', 'java编程思想简介', 9, 'a9.jpg', '2015-12-27 12:38:53', '2015-12-27 12:38:54'),
	(37, 'hello10', 9, '作者Bruce', 'computer', 'java编程思想简介', 9, 'a9.jpg', '2015-12-27 12:38:53', '2015-12-27 12:38:54'),
	(38, 'hello10', 9, '作者Bruce', 'java', 'java编程思想简介', 9, 'a9.jpg', '2015-12-27 12:38:53', '2015-12-27 12:38:54'),
	(39, 'hello10', 9, '作者Bruce', 'C++', 'java编程思想简介', 9, 'a9.jpg', '2015-12-27 12:38:53', '2015-12-27 12:38:54'),
	(40, 'hello10', 9, '作者Bruce', 'java', 'java编程思想简介', 9, 'a9.jpg', '2015-12-27 12:38:53', '2015-12-27 12:38:54'),
	(41, 'hello10', 9, '作者Bruce', 'computer', 'java编程思想简介', 9, 'a9.jpg', '2015-12-27 12:38:53', '2015-12-27 12:38:54'),
	(42, 'hello10', 9, '作者Bruce', 'java', 'java编程思想简介', 9, 'a9.jpg', '2015-12-27 12:38:53', '2015-12-27 12:38:54'),
	(43, 'hello10', 9, '作者Bruce', 'computer', 'java编程思想简介', 9, 'a9.jpg', '2015-12-27 12:38:53', '2015-12-27 12:38:54'),
	(44, 'hello10', 9, '作者Bruce', 'C++', 'java编程思想简介', 9, 'a9.jpg', '2015-12-27 12:38:53', '2015-12-27 12:38:54'),
	(45, 'hello10', 9, '作者Bruce', 'computer', 'java编程思想简介', 9, 'a9.jpg', '2015-12-27 12:38:53', '2015-12-27 12:38:54'),
	(46, 'hello10', 9, '作者Bruce', 'java', 'java编程思想简介', 9, 'a9.jpg', '2015-12-27 12:38:53', '2015-12-27 12:38:54'),
	(47, 'hello10', 9, '作者Bruce', 'computer', 'java编程思想简介', 9, 'a9.jpg', '2015-12-27 12:38:53', '2015-12-27 12:38:54'),
	(48, 'hello10', 9, '作者Bruce', 'java', 'java编程思想简介', 9, 'a9.jpg', '2015-12-27 12:38:53', '2015-12-27 12:38:54'),
	(49, 'hello10', 9, '作者Bruce', 'C++', 'java编程思想简介', 9, 'a9.jpg', '2015-12-27 12:38:53', '2015-12-27 12:38:54'),
	(50, 'hello10', 9, '作者Bruce', 'java', 'java编程思想简介', 9, 'a9.jpg', '2015-12-27 12:38:53', '2015-12-27 12:38:54'),
	(51, 'hello10', 9, '作者Bruce', 'computer', 'java编程思想简介', 9, 'a9.jpg', '2015-12-27 12:38:53', '2015-12-27 12:38:54'),
	(52, 'hello10', 9, '作者Bruce', 'java', 'java编程思想简介', 9, 'a9.jpg', '2015-12-27 12:38:53', '2015-12-27 12:38:54'),
	(53, 'hello10', 9, '作者Bruce', 'computer', 'java编程思想简介', 9, 'a9.jpg', '2015-12-27 12:38:53', '2015-12-27 12:38:54'),
	(54, 'hello10', 9, '作者Bruce', 'C++', 'java编程思想简介', 9, 'a9.jpg', '2015-12-27 12:38:53', '2015-12-27 12:38:54'),
	(55, 'hello10', 9, '作者Bruce', 'computer', 'java编程思想简介', 9, 'a9.jpg', '2015-12-27 12:38:53', '2015-12-27 12:38:54'),
	(56, 'hello10', 9, '作者Bruce', 'java', 'java编程思想简介', 9, 'a9.jpg', '2015-12-27 12:38:53', '2015-12-27 12:38:54'),
	(57, 'hello10', 9, '作者Bruce', 'computer', 'java编程思想简介', 9, 'a9.jpg', '2015-12-27 12:38:53', '2015-12-27 12:38:54'),
	(58, 'hello10', 9, '作者Bruce', 'java', 'java编程思想简介', 9, 'a9.jpg', '2015-12-27 12:38:53', '2015-12-27 12:38:54'),
	(59, 'hello10', 9, '作者Bruce', 'C++', 'java编程思想简介', 9, 'a9.jpg', '2015-12-27 12:38:53', '2015-12-27 12:38:54'),
	(60, 'hello10', 9, '作者Bruce', 'java', 'java编程思想简介', 9, 'a9.jpg', '2015-12-27 12:38:53', '2015-12-27 12:38:54'),
	(61, 'hello10', 9, '作者Bruce', 'computer', 'java编程思想简介', 9, 'a9.jpg', '2015-12-27 12:38:53', '2015-12-27 12:38:54'),
	(62, 'hello10', 9, '作者Bruce', 'java', 'java编程思想简介', 9, 'a9.jpg', '2015-12-27 12:38:53', '2015-12-27 12:38:54'),
	(63, 'hello10', 9, '作者Bruce', 'computer', 'java编程思想简介', 9, 'a9.jpg', '2015-12-27 12:38:53', '2015-12-27 12:38:54'),
	(64, 'hello10', 9, '作者Bruce', 'C++', 'java编程思想简介', 9, 'a9.jpg', '2015-12-27 12:38:53', '2015-12-27 12:38:54'),
	(65, 'hello10', 9, '作者Bruce', 'computer', 'java编程思想简介', 9, 'a9.jpg', '2015-12-27 12:38:53', '2015-12-27 12:38:54'),
	(66, 'hello10', 9, '作者Bruce', 'java', 'java编程思想简介', 9, 'a9.jpg', '2015-12-27 12:38:53', '2015-12-27 12:38:54'),
	(67, 'hello10', 9, '作者Bruce', 'computer', 'java编程思想简介', 9, 'a9.jpg', '2015-12-27 12:38:53', '2015-12-27 12:38:54'),
	(68, 'hello10', 9, '作者Bruce', 'java', 'java编程思想简介', 9, 'a9.jpg', '2015-12-27 12:38:53', '2015-12-27 12:38:54'),
	(69, 'hello10', 9, '作者Bruce', 'C++', 'java编程思想简介', 9, 'a9.jpg', '2015-12-27 12:38:53', '2015-12-27 12:38:54'),
	(70, 'hello10', 9, '作者Bruce', 'java', 'java编程思想简介', 9, 'a9.jpg', '2015-12-27 12:38:53', '2015-12-27 12:38:54'),
	(71, 'hello10', 9, '作者Bruce', 'computer', 'java编程思想简介', 9, 'a9.jpg', '2015-12-27 12:38:53', '2015-12-27 12:38:54'),
	(72, 'hello10', 9, '作者Bruce', 'java', 'java编程思想简介', 9, 'a9.jpg', '2015-12-27 12:38:53', '2015-12-27 12:38:54'),
	(73, 'hello10', 9, '作者Bruce', 'computer', 'java编程思想简介', 9, 'a9.jpg', '2015-12-27 12:38:53', '2015-12-27 12:38:54'),
	(74, 'hello10', 9, '作者Bruce', 'C++', 'java编程思想简介', 9, 'a9.jpg', '2015-12-27 12:38:53', '2015-12-27 12:38:54'),
	(75, 'hello10', 9, '作者Bruce', 'computer', 'java编程思想简介', 9, 'a9.jpg', '2015-12-27 12:38:53', '2015-12-27 12:38:54'),
	(76, 'hello10', 9, '作者Bruce', 'java', 'java编程思想简介', 9, 'a9.jpg', '2015-12-27 12:38:53', '2015-12-27 12:38:54'),
	(77, 'hello10', 9, '作者Bruce', 'computer', 'java编程思想简介', 9, 'a9.jpg', '2015-12-27 12:38:53', '2015-12-27 12:38:54'),
	(78, 'hello10', 9, '作者Bruce', 'java', 'java编程思想简介', 9, 'a9.jpg', '2015-12-27 12:38:53', '2015-12-27 12:38:54'),
	(79, 'hello10', 9, '作者Bruce', 'C++', 'java编程思想简介', 9, 'a9.jpg', '2015-12-27 12:38:53', '2015-12-27 12:38:54'),
	(80, 'hello10', 9, '作者Bruce', 'java', 'java编程思想简介', 9, 'a9.jpg', '2015-12-27 12:38:53', '2015-12-27 12:38:54'),
	(81, 'hello10', 9, '作者Bruce', 'computer', 'java编程思想简介', 9, 'a9.jpg', '2015-12-27 12:38:53', '2015-12-27 12:38:54'),
	(82, 'hello10', 9, '作者Bruce', 'java', 'java编程思想简介', 9, 'a9.jpg', '2015-12-27 12:38:53', '2015-12-27 12:38:54'),
	(83, 'hello10', 9, '作者Bruce', 'computer', 'java编程思想简介', 9, 'a9.jpg', '2015-12-27 12:38:53', '2015-12-27 12:38:54'),
	(84, 'hello10', 9, '作者Bruce', 'C++', 'java编程思想简介', 9, 'a9.jpg', '2015-12-27 12:38:53', '2015-12-27 12:38:54'),
	(85, 'hello10', 9, '作者Bruce', 'computer', 'java编程思想简介', 9, 'a9.jpg', '2015-12-27 12:38:53', '2015-12-27 12:38:54'),
	(86, 'hello10', 9, '作者Bruce', 'java', 'java编程思想简介', 9, 'a9.jpg', '2015-12-27 12:38:53', '2015-12-27 12:38:54'),
	(87, 'hello10', 9, '作者Bruce', 'computer', 'java编程思想简介', 9, 'a9.jpg', '2015-12-27 12:38:53', '2015-12-27 12:38:54'),
	(88, 'hello10', 9, '作者Bruce', 'java', 'java编程思想简介', 9, 'a9.jpg', '2015-12-27 12:38:53', '2015-12-27 12:38:54'),
	(89, 'hello10', 9, '作者Bruce', 'C++', 'java编程思想简介', 9, 'a9.jpg', '2015-12-27 12:38:53', '2015-12-27 12:38:54'),
	(90, 'hello10', 9, '作者Bruce', 'java', 'java编程思想简介', 9, 'a9.jpg', '2015-12-27 12:38:53', '2015-12-27 12:38:54'),
	(91, 'hello10', 9, '作者Bruce', 'computer', 'java编程思想简介', 9, 'a9.jpg', '2015-12-27 12:38:53', '2015-12-27 12:38:54'),
	(92, 'hello10', 9, '作者Bruce', 'java', 'java编程思想简介', 9, 'a9.jpg', '2015-12-27 12:38:53', '2015-12-27 12:38:54'),
	(93, 'hello10', 9, '作者Bruce', 'computer', 'java编程思想简介', 9, 'a9.jpg', '2015-12-27 12:38:53', '2015-12-27 12:38:54'),
	(94, 'hello10', 9, '作者Bruce', 'C++', 'java编程思想简介', 9, 'a9.jpg', '2015-12-27 12:38:53', '2015-12-27 12:38:54'),
	(95, 'hello10', 9, '作者Bruce', 'computer', 'java编程思想简介', 9, 'a9.jpg', '2015-12-27 12:38:53', '2015-12-27 12:38:54'),
	(96, 'hello10', 9, '作者Bruce', 'java', 'java编程思想简介', 9, 'a9.jpg', '2015-12-27 12:38:53', '2015-12-27 12:38:54'),
	(97, 'hello10', 9, '作者Bruce', 'computer', 'java编程思想简介', 9, 'a9.jpg', '2015-12-27 12:38:53', '2015-12-27 12:38:54'),
	(98, 'hello10', 9, '作者Bruce', 'java', 'java编程思想简介', 9, 'a9.jpg', '2015-12-27 12:38:53', '2015-12-27 12:38:54'),
	(99, 'hello10', 9, '作者Bruce', 'C++', 'java编程思想简介', 9, 'a9.jpg', '2015-12-27 12:38:53', '2015-12-27 12:38:54'),
	(100, 'hello10', 9, '作者Bruce', 'java', 'java编程思想简介', 9, 'a9.jpg', '2015-12-27 12:38:53', '2015-12-27 12:38:54'),
	(101, 'hello10', 9, '作者Bruce', 'computer', 'java编程思想简介', 9, 'a9.jpg', '2015-12-27 12:38:53', '2015-12-27 12:38:54'),
	(102, 'hello10', 9, '作者Bruce', 'java', 'java编程思想简介', 9, 'a9.jpg', '2015-12-27 12:38:53', '2015-12-27 12:38:54'),
	(103, 'hello10', 9, '作者Bruce', 'computer', 'java编程思想简介', 9, 'a9.jpg', '2015-12-27 12:38:53', '2015-12-27 12:38:54'),
	(104, 'hello10', 9, '作者Bruce', 'C++', 'java编程思想简介', 9, 'a9.jpg', '2015-12-27 12:38:53', '2015-12-27 12:38:54'),
	(105, 'hello10', 9, '作者Bruce', 'computer', 'java编程思想简介', 9, 'a9.jpg', '2015-12-27 12:38:53', '2015-12-27 12:38:54'),
	(106, 'hello10', 9, '作者Bruce', 'java', 'java编程思想简介', 9, 'a9.jpg', '2015-12-27 12:38:53', '2015-12-27 12:38:54'),
	(107, 'hello10', 9, '作者Bruce', 'computer', 'java编程思想简介', 9, 'a9.jpg', '2015-12-27 12:38:53', '2015-12-27 12:38:54'),
	(108, 'hello10', 9, '作者Bruce', 'java', 'java编程思想简介', 9, 'a9.jpg', '2015-12-27 12:38:53', '2015-12-27 12:38:54'),
	(109, 'hello10', 9, '作者Bruce', 'C++', 'java编程思想简介', 9, 'a9.jpg', '2015-12-27 12:38:53', '2015-12-27 12:38:54'),
	(110, 'hello10', 9, '作者Bruce', 'java', 'java编程思想简介', 9, 'a9.jpg', '2015-12-27 12:38:53', '2015-12-27 12:38:54'),
	(111, 'hello10', 9, '作者Bruce', 'computer', 'java编程思想简介', 9, 'a9.jpg', '2015-12-27 12:38:53', '2015-12-27 12:38:54'),
	(112, 'hello10', 9, '作者Bruce', 'java', 'java编程思想简介', 9, 'a9.jpg', '2015-12-27 12:38:53', '2015-12-27 12:38:54'),
	(113, 'hello10', 9, '作者Bruce', 'computer', 'java编程思想简介', 9, 'a9.jpg', '2015-12-27 12:38:53', '2015-12-27 12:38:54'),
	(114, 'hello10', 9, '作者Bruce', 'C++', 'java编程思想简介', 9, 'a9.jpg', '2015-12-27 12:38:53', '2015-12-27 12:38:54'),
	(115, 'hello10', 9, '作者Bruce', 'computer', 'java编程思想简介', 9, 'a9.jpg', '2015-12-27 12:38:53', '2015-12-27 12:38:54'),
	(116, 'hello10', 9, '作者Bruce', 'java', 'java编程思想简介', 9, 'a9.jpg', '2015-12-27 12:38:53', '2015-12-27 12:38:54'),
	(117, 'hello10', 9, '作者Bruce', 'computer', 'java编程思想简介', 9, 'a9.jpg', '2015-12-27 12:38:53', '2015-12-27 12:38:54'),
	(118, 'hello10', 9, '作者Bruce', 'java', 'java编程思想简介', 9, 'a9.jpg', '2015-12-27 12:38:53', '2015-12-27 12:38:54'),
	(119, 'hello10', 9, '作者Bruce', 'C++', 'java编程思想简介', 9, 'a9.jpg', '2015-12-27 12:38:53', '2015-12-27 12:38:54'),
	(120, 'hello10', 9, '作者Bruce', 'java', 'java编程思想简介', 9, 'a9.jpg', '2015-12-27 12:38:53', '2015-12-27 12:38:54'),
	(121, 'hello10', 9, '作者Bruce', 'computer', 'java编程思想简介', 9, 'a9.jpg', '2015-12-27 12:38:53', '2015-12-27 12:38:54'),
	(122, 'hello10', 9, '作者Bruce', 'java', 'java编程思想简介', 9, 'a9.jpg', '2015-12-27 12:38:53', '2015-12-27 12:38:54'),
	(123, 'hello10', 9, '作者Bruce', 'computer', 'java编程思想简介', 9, 'a9.jpg', '2015-12-27 12:38:53', '2015-12-27 12:38:54'),
	(124, 'hello10', 9, '作者Bruce', 'C++', 'java编程思想简介', 9, 'a9.jpg', '2015-12-27 12:38:53', '2015-12-27 12:38:54'),
	(125, 'hello10', 9, '作者Bruce', 'computer', 'java编程思想简介', 9, 'a9.jpg', '2015-12-27 12:38:53', '2015-12-27 12:38:54'),
	(126, 'java编程思想', 2, '作者Bruce', 'java', 'java编程思想简介', 2, 'a2.jpg', '2015-12-27 12:38:53', '2015-12-27 12:38:54'),
	(127, 'java编程思想', 2, '作者Bruce', 'computer', 'java编程思想简介', 2, 'a2.jpg', '2015-12-27 12:38:53', '2015-12-27 12:38:54'),
	(128, 'java编程思想', 2, '作者Bruce', 'java', 'java编程思想简介', 2, 'a2.jpg', '2015-12-27 12:38:53', '2015-12-27 12:38:54'),
	(129, 'java编程思想', 2, '作者Bruce', 'C++', 'java编程思想简介', 2, 'a2.jpg', '2015-12-27 12:38:53', '2015-12-27 12:38:54'),
	(130, 'java编程思想', 2, '作者Bruce', 'java', 'java编程思想简介', 2, 'a2.jpg', '2015-12-27 12:38:53', '2015-12-27 12:38:54'),
	(131, 'java编程思想', 2, '作者Bruce', 'computer', 'java编程思想简介', 2, 'a2.jpg', '2015-12-27 12:38:53', '2015-12-27 12:38:54'),
	(132, 'java编程思想', 2, '作者Bruce', 'java', 'java编程思想简介', 2, 'a2.jpg', '2015-12-27 12:38:53', '2015-12-27 12:38:54'),
	(133, 'java编程思想', 2, '作者Bruce', 'computer', 'java编程思想简介', 2, 'a2.jpg', '2015-12-27 12:38:53', '2015-12-27 12:38:54'),
	(134, 'java编程思想', 2, '作者Bruce', 'C++', 'java编程思想简介', 2, 'a2.jpg', '2015-12-27 12:38:53', '2015-12-27 12:38:54'),
	(135, 'java编程思想', 2, '作者Bruce', 'computer', 'java编程思想简介', 2, 'a2.jpg', '2015-12-27 12:38:53', '2015-12-27 12:38:54'),
	(136, 'java编程思想', 2, '作者Bruce', 'java', 'java编程思想简介', 2, 'a2.jpg', '2015-12-27 12:38:53', '2015-12-27 12:38:54'),
	(137, 'java编程思想', 2, '作者Bruce', 'computer', 'java编程思想简介', 2, 'a2.jpg', '2015-12-27 12:38:53', '2015-12-27 12:38:54'),
	(138, 'java编程思想', 2, '作者Bruce', 'java', 'java编程思想简介', 2, 'a2.jpg', '2015-12-27 12:38:53', '2015-12-27 12:38:54'),
	(139, 'java编程思想', 2, '作者Bruce', 'C++', 'java编程思想简介', 2, 'a2.jpg', '2015-12-27 12:38:53', '2015-12-27 12:38:54'),
	(140, 'java编程思想', 2, '233', 'java', 'java编程思想简介', 0, 'a2.jpg', '2015-12-27 12:38:53', '2015-12-27 12:38:54'),
	(141, 'new1', 65, 'lll', 'computer', 'llllllllll', 61, '1.jpg', '2015-12-31 14:26:54', '2015-12-31 14:26:54'),
	(142, 'hinernate', 30, 'hi', 'java', 'hibernate简介', 3, '3.jpg', '2016-01-03 22:49:16', '2016-01-03 22:49:16'),
	(143, 'new', 66, 'new66', 'java', 'new', 54, '13.jpg', '2016-01-12 16:57:03', '2016-01-12 16:57:03');
/*!40000 ALTER TABLE `books` ENABLE KEYS */;


-- 导出  表 bookstore.orderitems 结构
CREATE TABLE IF NOT EXISTS `orderitems` (
  `id` int(11) NOT NULL AUTO_INCREMENT,
  `bid` int(11) NOT NULL COMMENT '图书编号',
  `oid` varchar(100) NOT NULL COMMENT '订单编号',
  `count` int(11) NOT NULL COMMENT '数量',
  `subTotal` double NOT NULL COMMENT '小计',
  `createTime` timestamp NULL DEFAULT NULL COMMENT '创建时间',
  PRIMARY KEY (`id`),
  KEY `FK_orderitems_books` (`bid`),
  KEY `FK_orderitems_orders` (`oid`),
  CONSTRAINT `FK_orderitems_books` FOREIGN KEY (`bid`) REFERENCES `books` (`bid`),
  CONSTRAINT `FK_orderitems_orders` FOREIGN KEY (`oid`) REFERENCES `orders` (`oid`)
) ENGINE=InnoDB AUTO_INCREMENT=28 DEFAULT CHARSET=utf8 COMMENT='订单项';

-- 正在导出表  bookstore.orderitems 的数据：~21 rows (大约)
/*!40000 ALTER TABLE `orderitems` DISABLE KEYS */;
INSERT INTO `orderitems` (`id`, `bid`, `oid`, `count`, `subTotal`, `createTime`) VALUES
	(5, 10, '1451478107870525', 2, 18, '2015-12-31 06:47:22'),
	(8, 1, '1451478107870525', 2, 200, '2015-12-31 07:55:04'),
	(9, 8, '1451522194509326', 1, 8, '2015-12-31 08:36:35'),
	(10, 9, '1451522194509326', 1, 9, '2015-12-31 08:36:40'),
	(11, 3, '1451523922803746', 2, 6, '2015-12-31 09:05:23'),
	(12, 9, '1451523922803746', 1, 9, '2015-12-31 09:05:27'),
	(13, 2, '145153006147611', 2, 4, '2015-12-31 10:47:42'),
	(14, 8, '1451535036534447', 1, 8, '2015-12-31 12:10:37'),
	(15, 13, '1451535036534447', 1, 7, '2015-12-31 12:10:40'),
	(16, 14, '1451535036534447', 1, 5, '2015-12-31 12:10:44'),
	(17, 3, '1451535549109751', 1, 3, '2015-12-31 12:19:09'),
	(18, 9, '1451535549109751', 1, 9, '2015-12-31 12:19:13'),
	(19, 1, '1451832396149775', 1, 100, '2016-01-03 22:46:36'),
	(20, 141, '1451832396149775', 2, 130, '2016-01-03 22:46:58'),
	(21, 142, '1451832672788719', 4, 120, '2016-01-03 22:51:13'),
	(22, 6, '1451878684382783', 4, 24, '2016-01-04 11:38:04'),
	(23, 12, '1451878684382783', 2, 4, '2016-01-04 11:38:12'),
	(24, 142, '1451878766416507', 3, 90, '2016-01-04 11:39:26'),
	(25, 142, '145198723591348', 3, 90, '2016-01-05 17:47:16'),
	(26, 11, '145198723591348', 5, 45, '2016-01-05 17:47:32'),
	(27, 142, '145258266284634', 1, 30, '2016-01-12 15:11:03');
/*!40000 ALTER TABLE `orderitems` ENABLE KEYS */;


-- 导出  表 bookstore.orders 结构
CREATE TABLE IF NOT EXISTS `orders` (
  `oid` varchar(100) NOT NULL,
  `total` double DEFAULT NULL COMMENT '总额',
  `state` int(11) NOT NULL COMMENT '0未提交，1已付款，2已发货，3已完成',
  `uid` int(11) NOT NULL COMMENT '用户id',
  `uname` varchar(50) DEFAULT NULL COMMENT '收货人',
  `addr` varchar(255) DEFAULT NULL COMMENT '收货地址',
  `tel` varchar(50) DEFAULT NULL COMMENT '电话',
  `createTime` timestamp NULL DEFAULT NULL COMMENT '创建时间',
  PRIMARY KEY (`oid`),
  KEY `FK_orders_users` (`uid`),
  CONSTRAINT `FK_orders_users` FOREIGN KEY (`uid`) REFERENCES `users` (`uid`)
) ENGINE=InnoDB DEFAULT CHARSET=utf8 COMMENT='订单表';

-- 正在导出表  bookstore.orders 的数据：~12 rows (大约)
/*!40000 ALTER TABLE `orders` DISABLE KEYS */;
INSERT INTO `orders` (`oid`, `total`, `state`, `uid`, `uname`, `addr`, `tel`, `createTime`) VALUES
	('1451478107870525', 218, 3, 1, 'hah', '武汉', '110', '2015-12-31 07:55:44'),
	('1451522194509326', 17, 2, 1, 'hahh2', '武汉', '119', '2015-12-31 08:36:54'),
	('1451523922803746', 15, 3, 1, 'hhah4', '武汉', '120', '2015-12-31 09:05:39'),
	('145153006147611', 4, 2, 1, 'jjj', 'wuhan', '130', '2015-12-31 10:47:55'),
	('1451535036534447', 20, 3, 4, 'q', 'q', 'q', '2015-12-31 12:10:49'),
	('1451535549109751', 12, 3, 4, '111', '111', '111', '2015-12-31 12:19:20'),
	('1451832396149775', 230, 2, 7, '444', '1235', '1234', '2016-01-03 22:47:12'),
	('1451832672788719', 120, 1, 8, 'helo1', 'wuhanhello', '1302634', '2016-01-03 22:51:26'),
	('1451878684382783', 28, 1, 8, 'hello', 'hello111', 'helo111', '2016-01-04 11:38:26'),
	('1451878766416507', 90, 3, 8, 'heeelo', '12344', '12233', '2016-01-04 11:40:11'),
	('145198723591348', NULL, 0, 1, NULL, NULL, NULL, NULL),
	('145258266284634', NULL, 0, 7, NULL, NULL, NULL, NULL);
/*!40000 ALTER TABLE `orders` ENABLE KEYS */;


-- 导出  表 bookstore.users 结构
CREATE TABLE IF NOT EXISTS `users` (
  `uid` int(11) NOT NULL AUTO_INCREMENT,
  `username` varchar(50) NOT NULL COMMENT '用户名',
  `password` varchar(50) NOT NULL COMMENT '密码',
  `level` int(11) NOT NULL COMMENT '0普通用户，1管理员',
  `state` int(11) NOT NULL COMMENT '0锁定，1正常',
  `tel` varchar(50) DEFAULT NULL COMMENT '电话',
  `email` varchar(50) DEFAULT NULL COMMENT '邮箱',
  `addr` varchar(255) DEFAULT NULL COMMENT '地址',
  `createTime` timestamp NULL DEFAULT NULL COMMENT '创建时间',
  `updateTime` timestamp NULL DEFAULT NULL COMMENT '修改时间',
  PRIMARY KEY (`uid`)
) ENGINE=InnoDB AUTO_INCREMENT=9 DEFAULT CHARSET=utf8 COMMENT='用户表';

-- 正在导出表  bookstore.users 的数据：~7 rows (大约)
/*!40000 ALTER TABLE `users` DISABLE KEYS */;
INSERT INTO `users` (`uid`, `username`, `password`, `level`, `state`, `tel`, `email`, `addr`, `createTime`, `updateTime`) VALUES
	(1, 'admin', 'admin', 1, 1, '13026341838', '123@qq.com', '湖北武汉', '2015-12-27 12:44:30', '2015-12-27 12:44:31'),
	(2, 'a', '111', 0, 1, '13026341838', '12525@qq.com', '湖北省武汉市', '2015-12-27 20:09:22', '2015-12-27 20:09:22'),
	(4, 'q', 'q', 0, 1, '13026341838', '1233@qq.com', '湖北省武汉市', '2015-12-27 20:11:46', '2016-01-03 22:48:21'),
	(5, 'sjlahrgwe', '123', 0, 0, '455445', 'sdag@qq.com', 'wuhashi', '2015-12-27 20:20:20', '2015-12-27 20:20:20'),
	(6, 'dsad', '123', 0, 0, '1302645', 'efqw@qq.com', 'wuhanshi', '2015-12-27 20:23:35', '2015-12-27 20:23:35'),
	(7, '4', '4', 0, 1, '4', '4@qq.com', '4', '2015-12-27 21:04:50', '2015-12-27 21:04:50'),
	(8, 'hello', 'hello', 0, 1, '123', '458@qq.com', 'wuhan', '2016-01-03 22:51:05', '2016-01-03 22:51:05');
/*!40000 ALTER TABLE `users` ENABLE KEYS */;
/*!40101 SET SQL_MODE=IFNULL(@OLD_SQL_MODE, '') */;
/*!40014 SET FOREIGN_KEY_CHECKS=IF(@OLD_FOREIGN_KEY_CHECKS IS NULL, 1, @OLD_FOREIGN_KEY_CHECKS) */;
/*!40101 SET CHARACTER_SET_CLIENT=@OLD_CHARACTER_SET_CLIENT */;
